﻿{
    "configurations": [
        {
            "name": "x64-Debug",
            "generator": "Visual Studio 17 2022 Win64",
            "configurationType": "Debug",
            "inheritEnvironments": [ "msvc_x64" ],
            "buildRoot": "${projectDir}\\out\\build\\${name}",
            "installRoot": "${projectDir}\\out\\install\\${name}",
            "cmakeCommandArgs": "",
            "buildCommandArgs": "",
            "ctestCommandArgs": "",
            "intelliSenseMode": "windows-msvc-x64",
            "cmakeExecutable": "C:\\Program Files\\CMake\\bin\\cmake.exe",
            "cmakeToolchain": "C:/vcpkg/scripts/buildsystems/vcpkg.cmake"
        }
    ]
}